"Term","Coefficient","Type","Knots"
"Intercept",-4.87116052067307,"linear","none"
"ck12",0.000437128280077481,"linear","none"
"alb12",0.510782384587345,"linear","none"
"alt12",0.00083955165780403,"linear","none"
"ast12",0.000222565654612683,"linear","none"
"bun12",0.0110123353492956,"linear","none"
"k12",0.13707130866749,"linear","none"
"lp0",0.465308729414506,"linear","none"
