"Term","Coefficient","Type","Knots"
"Intercept",-4.73527039400258,"linear","none"
"ck12",0.000455478577412294,"linear","none"
"bun12",0.0131420300907856,"linear","none"
"alt12",0.000789066296622407,"linear","none"
"alb12",0.479132032066809,"linear","none"
"ast12",0.000197746629674797,"linear","none"
"k12",0.14165316060599,"linear","none"
"lp0",0.441660201473707,"linear","none"
