"Term","Coefficient","Type","Knots"
"Intercept",-2.91778117629968,"linear","none"
"ck12",0.000466081943770203,"linear","none"
"alb12",2.35855385896191,"linear","none"
"alt12",0.000806240925881671,"linear","none"
"bun12",0.00971115002872111,"linear","none"
"ast12",0.000227279325492555,"linear","none"
"k12",0.000218882842310494,"linear","none"
"lp0",0.463374484073141,"linear","none"
